round	kernel	variant	exit	accel	duration_s	verdict	control_passed	stall	stall_with_obi	stall_in_control	stall_signs	failed_checks	result_lines
1	v6.12.111	nvme-mpath-nobio	1	kvm	61	FAIL	yes	no	no	no	-	nvme-head-bio-writes,nvme-head-diskstats-match,nvme-path-names-writes-match-head	RESULT nvme-diskstats-without-obi PASS | RESULT nvme-io-with-obi PASS | RESULT nvme-diskstats-after-io-with-obi PASS | RESULT nvme-head-bio-writes FAIL (rc=1) | RESULT nvme-head-diskstats-match FAIL (rc=1) | RESULT nvme-head-stacked-label PASS | RESULT nvme-path-request-writes PASS | RESULT nvme-path-names-no-raw-numbers PASS | RESULT nvme-path-names-writes-match-head FAIL (rc=1) | RESULT nvme-no-stuck-pending PASS
1	v6.12.111	nvme-mpath-bio	1	kvm	62	FAIL	yes	no	no	no	-	nvme-path-names-writes-match-head	RESULT nvme-diskstats-without-obi PASS | RESULT nvme-io-with-obi PASS | RESULT nvme-diskstats-after-io-with-obi PASS | RESULT nvme-head-bio-writes PASS | RESULT nvme-head-diskstats-match PASS | RESULT nvme-head-stacked-label PASS | RESULT nvme-path-request-writes PASS | RESULT nvme-path-names-no-raw-numbers PASS | RESULT nvme-path-names-writes-match-head FAIL (rc=1) | RESULT nvme-no-stuck-pending PASS
1	rhel9.6	nvme-mpath-nobio	1	kvm	62	FAIL	yes	no	no	no	-	nvme-head-bio-writes,nvme-head-diskstats-match,nvme-path-names-writes-match-head	RESULT nvme-diskstats-without-obi PASS | RESULT nvme-io-with-obi PASS | RESULT nvme-diskstats-after-io-with-obi PASS | RESULT nvme-head-bio-writes FAIL (rc=1) | RESULT nvme-head-diskstats-match FAIL (rc=1) | RESULT nvme-head-stacked-label PASS | RESULT nvme-path-request-writes PASS | RESULT nvme-path-names-writes-match-head FAIL (rc=1) | RESULT nvme-no-stuck-pending PASS
1	rhel9.6	nvme-mpath-bio	1	kvm	62	FAIL	yes	no	no	no	-	nvme-path-names-writes-match-head	RESULT nvme-diskstats-without-obi PASS | RESULT nvme-io-with-obi PASS | RESULT nvme-diskstats-after-io-with-obi PASS | RESULT nvme-head-bio-writes PASS | RESULT nvme-head-diskstats-match PASS | RESULT nvme-head-stacked-label PASS | RESULT nvme-path-request-writes PASS | RESULT nvme-path-names-writes-match-head FAIL (rc=1) | RESULT nvme-no-stuck-pending PASS
2	v6.12.111	nvme-mpath-nobio	1	kvm	61	FAIL	yes	no	no	no	-	nvme-head-bio-writes,nvme-head-diskstats-match,nvme-path-names-writes-match-head	RESULT nvme-diskstats-without-obi PASS | RESULT nvme-io-with-obi PASS | RESULT nvme-diskstats-after-io-with-obi PASS | RESULT nvme-head-bio-writes FAIL (rc=1) | RESULT nvme-head-diskstats-match FAIL (rc=1) | RESULT nvme-head-stacked-label PASS | RESULT nvme-path-request-writes PASS | RESULT nvme-path-names-no-raw-numbers PASS | RESULT nvme-path-names-writes-match-head FAIL (rc=1) | RESULT nvme-no-stuck-pending PASS
2	v6.12.111	nvme-mpath-bio	1	kvm	62	FAIL	yes	no	no	no	-	nvme-path-names-writes-match-head	RESULT nvme-diskstats-without-obi PASS | RESULT nvme-io-with-obi PASS | RESULT nvme-diskstats-after-io-with-obi PASS | RESULT nvme-head-bio-writes PASS | RESULT nvme-head-diskstats-match PASS | RESULT nvme-head-stacked-label PASS | RESULT nvme-path-request-writes PASS | RESULT nvme-path-names-no-raw-numbers PASS | RESULT nvme-path-names-writes-match-head FAIL (rc=1) | RESULT nvme-no-stuck-pending PASS
2	rhel9.6	nvme-mpath-nobio	1	kvm	62	FAIL	yes	no	no	no	-	nvme-head-bio-writes,nvme-head-diskstats-match,nvme-path-names-writes-match-head	RESULT nvme-diskstats-without-obi PASS | RESULT nvme-io-with-obi PASS | RESULT nvme-diskstats-after-io-with-obi PASS | RESULT nvme-head-bio-writes FAIL (rc=1) | RESULT nvme-head-diskstats-match FAIL (rc=1) | RESULT nvme-head-stacked-label PASS | RESULT nvme-path-request-writes PASS | RESULT nvme-path-names-writes-match-head FAIL (rc=1) | RESULT nvme-no-stuck-pending PASS
2	rhel9.6	nvme-mpath-bio	1	kvm	61	FAIL	yes	no	no	no	-	nvme-path-names-writes-match-head	RESULT nvme-diskstats-without-obi PASS | RESULT nvme-io-with-obi PASS | RESULT nvme-diskstats-after-io-with-obi PASS | RESULT nvme-head-bio-writes PASS | RESULT nvme-head-diskstats-match PASS | RESULT nvme-head-stacked-label PASS | RESULT nvme-path-request-writes PASS | RESULT nvme-path-names-writes-match-head FAIL (rc=1) | RESULT nvme-no-stuck-pending PASS
3	v6.12.111	nvme-mpath-nobio	1	kvm	62	FAIL	yes	no	no	no	-	nvme-head-bio-writes,nvme-head-diskstats-match,nvme-path-names-writes-match-head	RESULT nvme-diskstats-without-obi PASS | RESULT nvme-io-with-obi PASS | RESULT nvme-diskstats-after-io-with-obi PASS | RESULT nvme-head-bio-writes FAIL (rc=1) | RESULT nvme-head-diskstats-match FAIL (rc=1) | RESULT nvme-head-stacked-label PASS | RESULT nvme-path-request-writes PASS | RESULT nvme-path-names-no-raw-numbers PASS | RESULT nvme-path-names-writes-match-head FAIL (rc=1) | RESULT nvme-no-stuck-pending PASS
3	v6.12.111	nvme-mpath-bio	1	kvm	61	FAIL	yes	no	no	no	-	nvme-path-names-writes-match-head	RESULT nvme-diskstats-without-obi PASS | RESULT nvme-io-with-obi PASS | RESULT nvme-diskstats-after-io-with-obi PASS | RESULT nvme-head-bio-writes PASS | RESULT nvme-head-diskstats-match PASS | RESULT nvme-head-stacked-label PASS | RESULT nvme-path-request-writes PASS | RESULT nvme-path-names-no-raw-numbers PASS | RESULT nvme-path-names-writes-match-head FAIL (rc=1) | RESULT nvme-no-stuck-pending PASS
3	rhel9.6	nvme-mpath-nobio	1	kvm	62	FAIL	yes	no	no	no	-	nvme-head-bio-writes,nvme-head-diskstats-match,nvme-path-names-writes-match-head	RESULT nvme-diskstats-without-obi PASS | RESULT nvme-io-with-obi PASS | RESULT nvme-diskstats-after-io-with-obi PASS | RESULT nvme-head-bio-writes FAIL (rc=1) | RESULT nvme-head-diskstats-match FAIL (rc=1) | RESULT nvme-head-stacked-label PASS | RESULT nvme-path-request-writes PASS | RESULT nvme-path-names-writes-match-head FAIL (rc=1) | RESULT nvme-no-stuck-pending PASS
3	rhel9.6	nvme-mpath-bio	1	kvm	62	FAIL	yes	no	no	no	-	nvme-path-names-writes-match-head	RESULT nvme-diskstats-without-obi PASS | RESULT nvme-io-with-obi PASS | RESULT nvme-diskstats-after-io-with-obi PASS | RESULT nvme-head-bio-writes PASS | RESULT nvme-head-diskstats-match PASS | RESULT nvme-head-stacked-label PASS | RESULT nvme-path-request-writes PASS | RESULT nvme-path-names-writes-match-head FAIL (rc=1) | RESULT nvme-no-stuck-pending PASS
4	v6.12.111	nvme-mpath-nobio	1	kvm	62	FAIL	yes	no	no	no	-	nvme-head-bio-writes,nvme-head-diskstats-match,nvme-path-names-writes-match-head	RESULT nvme-diskstats-without-obi PASS | RESULT nvme-io-with-obi PASS | RESULT nvme-diskstats-after-io-with-obi PASS | RESULT nvme-head-bio-writes FAIL (rc=1) | RESULT nvme-head-diskstats-match FAIL (rc=1) | RESULT nvme-head-stacked-label PASS | RESULT nvme-path-request-writes PASS | RESULT nvme-path-names-no-raw-numbers PASS | RESULT nvme-path-names-writes-match-head FAIL (rc=1) | RESULT nvme-no-stuck-pending PASS
4	v6.12.111	nvme-mpath-bio	1	kvm	61	FAIL	yes	no	no	no	-	nvme-path-names-writes-match-head	RESULT nvme-diskstats-without-obi PASS | RESULT nvme-io-with-obi PASS | RESULT nvme-diskstats-after-io-with-obi PASS | RESULT nvme-head-bio-writes PASS | RESULT nvme-head-diskstats-match PASS | RESULT nvme-head-stacked-label PASS | RESULT nvme-path-request-writes PASS | RESULT nvme-path-names-no-raw-numbers PASS | RESULT nvme-path-names-writes-match-head FAIL (rc=1) | RESULT nvme-no-stuck-pending PASS
4	rhel9.6	nvme-mpath-nobio	1	kvm	62	FAIL	yes	no	no	no	-	nvme-head-bio-writes,nvme-head-diskstats-match,nvme-path-names-writes-match-head	RESULT nvme-diskstats-without-obi PASS | RESULT nvme-io-with-obi PASS | RESULT nvme-diskstats-after-io-with-obi PASS | RESULT nvme-head-bio-writes FAIL (rc=1) | RESULT nvme-head-diskstats-match FAIL (rc=1) | RESULT nvme-head-stacked-label PASS | RESULT nvme-path-request-writes PASS | RESULT nvme-path-names-writes-match-head FAIL (rc=1) | RESULT nvme-no-stuck-pending PASS
4	rhel9.6	nvme-mpath-bio	1	kvm	62	FAIL	yes	no	no	no	-	nvme-path-names-writes-match-head	RESULT nvme-diskstats-without-obi PASS | RESULT nvme-io-with-obi PASS | RESULT nvme-diskstats-after-io-with-obi PASS | RESULT nvme-head-bio-writes PASS | RESULT nvme-head-diskstats-match PASS | RESULT nvme-head-stacked-label PASS | RESULT nvme-path-request-writes PASS | RESULT nvme-path-names-writes-match-head FAIL (rc=1) | RESULT nvme-no-stuck-pending PASS
5	v6.12.111	nvme-mpath-nobio	1	kvm	62	FAIL	yes	no	no	no	-	nvme-head-bio-writes,nvme-head-diskstats-match,nvme-path-names-writes-match-head	RESULT nvme-diskstats-without-obi PASS | RESULT nvme-io-with-obi PASS | RESULT nvme-diskstats-after-io-with-obi PASS | RESULT nvme-head-bio-writes FAIL (rc=1) | RESULT nvme-head-diskstats-match FAIL (rc=1) | RESULT nvme-head-stacked-label PASS | RESULT nvme-path-request-writes PASS | RESULT nvme-path-names-no-raw-numbers PASS | RESULT nvme-path-names-writes-match-head FAIL (rc=1) | RESULT nvme-no-stuck-pending PASS
5	v6.12.111	nvme-mpath-bio	1	kvm	62	FAIL	yes	no	no	no	-	nvme-path-names-writes-match-head	RESULT nvme-diskstats-without-obi PASS | RESULT nvme-io-with-obi PASS | RESULT nvme-diskstats-after-io-with-obi PASS | RESULT nvme-head-bio-writes PASS | RESULT nvme-head-diskstats-match PASS | RESULT nvme-head-stacked-label PASS | RESULT nvme-path-request-writes PASS | RESULT nvme-path-names-no-raw-numbers PASS | RESULT nvme-path-names-writes-match-head FAIL (rc=1) | RESULT nvme-no-stuck-pending PASS
5	rhel9.6	nvme-mpath-nobio	1	kvm	62	FAIL	yes	no	no	no	-	nvme-head-bio-writes,nvme-head-diskstats-match,nvme-path-names-writes-match-head	RESULT nvme-diskstats-without-obi PASS | RESULT nvme-io-with-obi PASS | RESULT nvme-diskstats-after-io-with-obi PASS | RESULT nvme-head-bio-writes FAIL (rc=1) | RESULT nvme-head-diskstats-match FAIL (rc=1) | RESULT nvme-head-stacked-label PASS | RESULT nvme-path-request-writes PASS | RESULT nvme-path-names-writes-match-head FAIL (rc=1) | RESULT nvme-no-stuck-pending PASS
5	rhel9.6	nvme-mpath-bio	1	kvm	61	FAIL	yes	no	no	no	-	nvme-path-names-writes-match-head	RESULT nvme-diskstats-without-obi PASS | RESULT nvme-io-with-obi PASS | RESULT nvme-diskstats-after-io-with-obi PASS | RESULT nvme-head-bio-writes PASS | RESULT nvme-head-diskstats-match PASS | RESULT nvme-head-stacked-label PASS | RESULT nvme-path-request-writes PASS | RESULT nvme-path-names-writes-match-head FAIL (rc=1) | RESULT nvme-no-stuck-pending PASS
6	v6.12.111	nvme-mpath-nobio	1	kvm	62	FAIL	yes	no	no	no	-	nvme-head-bio-writes,nvme-head-diskstats-match,nvme-path-names-writes-match-head	RESULT nvme-diskstats-without-obi PASS | RESULT nvme-io-with-obi PASS | RESULT nvme-diskstats-after-io-with-obi PASS | RESULT nvme-head-bio-writes FAIL (rc=1) | RESULT nvme-head-diskstats-match FAIL (rc=1) | RESULT nvme-head-stacked-label PASS | RESULT nvme-path-request-writes PASS | RESULT nvme-path-names-no-raw-numbers PASS | RESULT nvme-path-names-writes-match-head FAIL (rc=1) | RESULT nvme-no-stuck-pending PASS
6	v6.12.111	nvme-mpath-bio	1	kvm	62	FAIL	yes	no	no	no	-	nvme-path-names-writes-match-head	RESULT nvme-diskstats-without-obi PASS | RESULT nvme-io-with-obi PASS | RESULT nvme-diskstats-after-io-with-obi PASS | RESULT nvme-head-bio-writes PASS | RESULT nvme-head-diskstats-match PASS | RESULT nvme-head-stacked-label PASS | RESULT nvme-path-request-writes PASS | RESULT nvme-path-names-no-raw-numbers PASS | RESULT nvme-path-names-writes-match-head FAIL (rc=1) | RESULT nvme-no-stuck-pending PASS
6	rhel9.6	nvme-mpath-nobio	1	kvm	62	FAIL	yes	no	no	no	-	nvme-head-bio-writes,nvme-head-diskstats-match,nvme-path-names-writes-match-head	RESULT nvme-diskstats-without-obi PASS | RESULT nvme-io-with-obi PASS | RESULT nvme-diskstats-after-io-with-obi PASS | RESULT nvme-head-bio-writes FAIL (rc=1) | RESULT nvme-head-diskstats-match FAIL (rc=1) | RESULT nvme-head-stacked-label PASS | RESULT nvme-path-request-writes PASS | RESULT nvme-path-names-writes-match-head FAIL (rc=1) | RESULT nvme-no-stuck-pending PASS
6	rhel9.6	nvme-mpath-bio	1	kvm	62	FAIL	yes	no	no	no	-	nvme-path-names-writes-match-head	RESULT nvme-diskstats-without-obi PASS | RESULT nvme-io-with-obi PASS | RESULT nvme-diskstats-after-io-with-obi PASS | RESULT nvme-head-bio-writes PASS | RESULT nvme-head-diskstats-match PASS | RESULT nvme-head-stacked-label PASS | RESULT nvme-path-request-writes PASS | RESULT nvme-path-names-writes-match-head FAIL (rc=1) | RESULT nvme-no-stuck-pending PASS
7	v6.12.111	nvme-mpath-nobio	1	kvm	63	FAIL	yes	no	no	no	-	nvme-head-bio-writes,nvme-head-diskstats-match,nvme-path-names-writes-match-head	RESULT nvme-diskstats-without-obi PASS | RESULT nvme-io-with-obi PASS | RESULT nvme-diskstats-after-io-with-obi PASS | RESULT nvme-head-bio-writes FAIL (rc=1) | RESULT nvme-head-diskstats-match FAIL (rc=1) | RESULT nvme-head-stacked-label PASS | RESULT nvme-path-request-writes PASS | RESULT nvme-path-names-no-raw-numbers PASS | RESULT nvme-path-names-writes-match-head FAIL (rc=1) | RESULT nvme-no-stuck-pending PASS
7	v6.12.111	nvme-mpath-bio	1	kvm	61	FAIL	yes	no	no	no	-	nvme-path-names-writes-match-head	RESULT nvme-diskstats-without-obi PASS | RESULT nvme-io-with-obi PASS | RESULT nvme-diskstats-after-io-with-obi PASS | RESULT nvme-head-bio-writes PASS | RESULT nvme-head-diskstats-match PASS | RESULT nvme-head-stacked-label PASS | RESULT nvme-path-request-writes PASS | RESULT nvme-path-names-no-raw-numbers PASS | RESULT nvme-path-names-writes-match-head FAIL (rc=1) | RESULT nvme-no-stuck-pending PASS
7	rhel9.6	nvme-mpath-nobio	1	kvm	62	FAIL	yes	no	no	no	-	nvme-head-bio-writes,nvme-head-diskstats-match,nvme-path-names-writes-match-head	RESULT nvme-diskstats-without-obi PASS | RESULT nvme-io-with-obi PASS | RESULT nvme-diskstats-after-io-with-obi PASS | RESULT nvme-head-bio-writes FAIL (rc=1) | RESULT nvme-head-diskstats-match FAIL (rc=1) | RESULT nvme-head-stacked-label PASS | RESULT nvme-path-request-writes PASS | RESULT nvme-path-names-writes-match-head FAIL (rc=1) | RESULT nvme-no-stuck-pending PASS
7	rhel9.6	nvme-mpath-bio	1	kvm	63	FAIL	yes	no	no	no	-	nvme-path-names-writes-match-head	RESULT nvme-diskstats-without-obi PASS | RESULT nvme-io-with-obi PASS | RESULT nvme-diskstats-after-io-with-obi PASS | RESULT nvme-head-bio-writes PASS | RESULT nvme-head-diskstats-match PASS | RESULT nvme-head-stacked-label PASS | RESULT nvme-path-request-writes PASS | RESULT nvme-path-names-writes-match-head FAIL (rc=1) | RESULT nvme-no-stuck-pending PASS
8	v6.12.111	nvme-mpath-nobio	1	kvm	62	FAIL	yes	no	no	no	-	nvme-head-bio-writes,nvme-head-diskstats-match,nvme-path-names-writes-match-head	RESULT nvme-diskstats-without-obi PASS | RESULT nvme-io-with-obi PASS | RESULT nvme-diskstats-after-io-with-obi PASS | RESULT nvme-head-bio-writes FAIL (rc=1) | RESULT nvme-head-diskstats-match FAIL (rc=1) | RESULT nvme-head-stacked-label PASS | RESULT nvme-path-request-writes PASS | RESULT nvme-path-names-no-raw-numbers PASS | RESULT nvme-path-names-writes-match-head FAIL (rc=1) | RESULT nvme-no-stuck-pending PASS
8	v6.12.111	nvme-mpath-bio	1	kvm	62	FAIL	yes	no	no	no	-	nvme-path-names-writes-match-head	RESULT nvme-diskstats-without-obi PASS | RESULT nvme-io-with-obi PASS | RESULT nvme-diskstats-after-io-with-obi PASS | RESULT nvme-head-bio-writes PASS | RESULT nvme-head-diskstats-match PASS | RESULT nvme-head-stacked-label PASS | RESULT nvme-path-request-writes PASS | RESULT nvme-path-names-no-raw-numbers PASS | RESULT nvme-path-names-writes-match-head FAIL (rc=1) | RESULT nvme-no-stuck-pending PASS
8	rhel9.6	nvme-mpath-nobio	1	kvm	62	FAIL	yes	no	no	no	-	nvme-head-bio-writes,nvme-head-diskstats-match,nvme-path-names-writes-match-head	RESULT nvme-diskstats-without-obi PASS | RESULT nvme-io-with-obi PASS | RESULT nvme-diskstats-after-io-with-obi PASS | RESULT nvme-head-bio-writes FAIL (rc=1) | RESULT nvme-head-diskstats-match FAIL (rc=1) | RESULT nvme-head-stacked-label PASS | RESULT nvme-path-request-writes PASS | RESULT nvme-path-names-writes-match-head FAIL (rc=1) | RESULT nvme-no-stuck-pending PASS
8	rhel9.6	nvme-mpath-bio	1	kvm	63	FAIL	yes	no	no	no	-	nvme-path-names-writes-match-head	RESULT nvme-diskstats-without-obi PASS | RESULT nvme-io-with-obi PASS | RESULT nvme-diskstats-after-io-with-obi PASS | RESULT nvme-head-bio-writes PASS | RESULT nvme-head-diskstats-match PASS | RESULT nvme-head-stacked-label PASS | RESULT nvme-path-request-writes PASS | RESULT nvme-path-names-writes-match-head FAIL (rc=1) | RESULT nvme-no-stuck-pending PASS
9	v6.12.111	nvme-mpath-nobio	1	kvm	62	FAIL	yes	no	no	no	-	nvme-head-bio-writes,nvme-head-diskstats-match,nvme-path-names-writes-match-head	RESULT nvme-diskstats-without-obi PASS | RESULT nvme-io-with-obi PASS | RESULT nvme-diskstats-after-io-with-obi PASS | RESULT nvme-head-bio-writes FAIL (rc=1) | RESULT nvme-head-diskstats-match FAIL (rc=1) | RESULT nvme-head-stacked-label PASS | RESULT nvme-path-request-writes PASS | RESULT nvme-path-names-no-raw-numbers PASS | RESULT nvme-path-names-writes-match-head FAIL (rc=1) | RESULT nvme-no-stuck-pending PASS
9	v6.12.111	nvme-mpath-bio	1	kvm	61	FAIL	yes	no	no	no	-	nvme-path-names-writes-match-head	RESULT nvme-diskstats-without-obi PASS | RESULT nvme-io-with-obi PASS | RESULT nvme-diskstats-after-io-with-obi PASS | RESULT nvme-head-bio-writes PASS | RESULT nvme-head-diskstats-match PASS | RESULT nvme-head-stacked-label PASS | RESULT nvme-path-request-writes PASS | RESULT nvme-path-names-no-raw-numbers PASS | RESULT nvme-path-names-writes-match-head FAIL (rc=1) | RESULT nvme-no-stuck-pending PASS
9	rhel9.6	nvme-mpath-nobio	1	kvm	62	FAIL	yes	no	no	no	-	nvme-head-bio-writes,nvme-head-diskstats-match,nvme-path-names-writes-match-head	RESULT nvme-diskstats-without-obi PASS | RESULT nvme-io-with-obi PASS | RESULT nvme-diskstats-after-io-with-obi PASS | RESULT nvme-head-bio-writes FAIL (rc=1) | RESULT nvme-head-diskstats-match FAIL (rc=1) | RESULT nvme-head-stacked-label PASS | RESULT nvme-path-request-writes PASS | RESULT nvme-path-names-writes-match-head FAIL (rc=1) | RESULT nvme-no-stuck-pending PASS
9	rhel9.6	nvme-mpath-bio	1	kvm	62	FAIL	yes	no	no	no	-	nvme-path-names-writes-match-head	RESULT nvme-diskstats-without-obi PASS | RESULT nvme-io-with-obi PASS | RESULT nvme-diskstats-after-io-with-obi PASS | RESULT nvme-head-bio-writes PASS | RESULT nvme-head-diskstats-match PASS | RESULT nvme-head-stacked-label PASS | RESULT nvme-path-request-writes PASS | RESULT nvme-path-names-writes-match-head FAIL (rc=1) | RESULT nvme-no-stuck-pending PASS
10	v6.12.111	nvme-mpath-nobio	1	kvm	62	FAIL	yes	no	no	no	-	nvme-head-bio-writes,nvme-head-diskstats-match,nvme-path-names-writes-match-head	RESULT nvme-diskstats-without-obi PASS | RESULT nvme-io-with-obi PASS | RESULT nvme-diskstats-after-io-with-obi PASS | RESULT nvme-head-bio-writes FAIL (rc=1) | RESULT nvme-head-diskstats-match FAIL (rc=1) | RESULT nvme-head-stacked-label PASS | RESULT nvme-path-request-writes PASS | RESULT nvme-path-names-no-raw-numbers PASS | RESULT nvme-path-names-writes-match-head FAIL (rc=1) | RESULT nvme-no-stuck-pending PASS
10	v6.12.111	nvme-mpath-bio	1	kvm	62	FAIL	yes	no	no	no	-	nvme-path-names-writes-match-head	RESULT nvme-diskstats-without-obi PASS | RESULT nvme-io-with-obi PASS | RESULT nvme-diskstats-after-io-with-obi PASS | RESULT nvme-head-bio-writes PASS | RESULT nvme-head-diskstats-match PASS | RESULT nvme-head-stacked-label PASS | RESULT nvme-path-request-writes PASS | RESULT nvme-path-names-no-raw-numbers PASS | RESULT nvme-path-names-writes-match-head FAIL (rc=1) | RESULT nvme-no-stuck-pending PASS
10	rhel9.6	nvme-mpath-nobio	1	kvm	62	FAIL	yes	no	no	no	-	nvme-head-bio-writes,nvme-head-diskstats-match,nvme-path-names-writes-match-head	RESULT nvme-diskstats-without-obi PASS | RESULT nvme-io-with-obi PASS | RESULT nvme-diskstats-after-io-with-obi PASS | RESULT nvme-head-bio-writes FAIL (rc=1) | RESULT nvme-head-diskstats-match FAIL (rc=1) | RESULT nvme-head-stacked-label PASS | RESULT nvme-path-request-writes PASS | RESULT nvme-path-names-writes-match-head FAIL (rc=1) | RESULT nvme-no-stuck-pending PASS
10	rhel9.6	nvme-mpath-bio	1	kvm	62	FAIL	yes	no	no	no	-	nvme-path-names-writes-match-head	RESULT nvme-diskstats-without-obi PASS | RESULT nvme-io-with-obi PASS | RESULT nvme-diskstats-after-io-with-obi PASS | RESULT nvme-head-bio-writes PASS | RESULT nvme-head-diskstats-match PASS | RESULT nvme-head-stacked-label PASS | RESULT nvme-path-request-writes PASS | RESULT nvme-path-names-writes-match-head FAIL (rc=1) | RESULT nvme-no-stuck-pending PASS
